<environmentvariabledefinition schemaname="cr767_shared_sharepointonline_d024874cae9b4b3cb71a86f22a14a5b0">
  <apiid>/providers/microsoft.powerapps/apis/shared_sharepointonline</apiid>
  <displayname default="Course Attendance">
    <label description="Course Attendance" languagecode="1033" />
  </displayname>
  <introducedversion>1.0.0.0</introducedversion>
  <iscustomizable>1</iscustomizable>
  <isrequired>0</isrequired>
  <parameterkey>table</parameterkey>
  <parentdefinitionid>
    <schemaname>cr767_shared_sharepointonline_5b0974418a6d475da53c2de7faf5c5bc</schemaname>
  </parentdefinitionid>
  <secretstore>0</secretstore>
  <type>100000004</type>
</environmentvariabledefinition>