<environmentvariabledefinition schemaname="cr767_shared_sharepointonline_61eaf96ba55a4f8da8fb1d547872051a">
  <apiid>/providers/microsoft.powerapps/apis/shared_sharepointonline</apiid>
  <displayname default="Checklist Confirmations">
    <label description="Checklist Confirmations" languagecode="1033" />
  </displayname>
  <introducedversion>1.0.0.0</introducedversion>
  <iscustomizable>1</iscustomizable>
  <isrequired>0</isrequired>
  <parameterkey>table</parameterkey>
  <parentdefinitionid>
    <schemaname>cr767_shared_sharepointonline_5b0974418a6d475da53c2de7faf5c5bc</schemaname>
  </parentdefinitionid>
  <secretstore>0</secretstore>
  <type>100000004</type>
</environmentvariabledefinition>